{"cameraMode":{"drawMode":0,"name":"Shaded","section":"Shading Mode"},"sceneLighting":false,"audioPlay":false,"sceneViewState":{"showFog":true,"showMaterialUpdate":false,"showSkybox":false,"showFlares":true,"showImageEffects":true,"showParticleSystems":true},"in2DMode":false,"pivot":{"x":0.019999980926513673,"y":0.11000001430511475,"z":0.1899999976158142},"rotation":{"x":0.1143159568309784,"y":0.8823617696762085,"z":-0.27965033054351809,"w":0.3607843816280365},"size":34.535926818847659,"orthographic":false}