{"cameraMode":{"drawMode":0,"name":"Shaded","section":"Shading Mode"},"sceneLighting":false,"audioPlay":false,"sceneViewState":{"showFog":true,"showMaterialUpdate":false,"showSkybox":false,"showFlares":true,"showImageEffects":true,"showParticleSystems":true},"in2DMode":false,"pivot":{"x":0.2800000309944153,"y":0.6459652185440064,"z":12.14900016784668},"rotation":{"x":0.5780534148216248,"y":-0.3800922632217407,"z":0.34688276052474978,"w":0.6332902908325195},"size":5.445645809173584,"orthographic":false}