{"cameraMode":{"drawMode":0,"name":"Shaded","section":"Shading Mode"},"sceneLighting":false,"audioPlay":false,"sceneViewState":{"showFog":true,"showMaterialUpdate":false,"showSkybox":false,"showFlares":true,"showImageEffects":true,"showParticleSystems":true},"in2DMode":false,"pivot":{"x":0.005200028419494629,"y":0.0,"z":7.520000457763672},"rotation":{"x":-0.12799899280071259,"y":0.03001641295850277,"z":-0.0038651139475405218,"w":-0.9913125038146973},"size":27.50379753112793,"orthographic":false}