{"cameraMode":{"drawMode":0,"name":"Shaded","section":"Shading Mode"},"sceneLighting":false,"audioPlay":false,"sceneViewState":{"showFog":true,"showMaterialUpdate":false,"showSkybox":false,"showFlares":true,"showImageEffects":true,"showParticleSystems":true},"in2DMode":false,"pivot":{"x":1.4001961946487427,"y":0.35376614332199099,"z":5.287982940673828},"rotation":{"x":-0.0849660336971283,"y":-0.10057537257671356,"z":0.008636911399662495,"w":-0.9912571907043457},"size":8.246223449707032,"orthographic":false}