{"cameraMode":{"drawMode":0,"name":"Shaded","section":"Shading Mode"},"sceneLighting":false,"audioPlay":false,"sceneViewState":{"showFog":true,"showMaterialUpdate":false,"showSkybox":false,"showFlares":true,"showImageEffects":true,"showParticleSystems":true},"in2DMode":false,"pivot":{"x":1.6298484802246094,"y":2.3285164833068849,"z":9.45458984375},"rotation":{"x":-0.03947342559695244,"y":-0.732922375202179,"z":0.0427384153008461,"w":-0.6778201460838318},"size":19.46395492553711,"orthographic":false}