{"cameraMode":{"drawMode":0,"name":"Shaded","section":"Shading Mode"},"sceneLighting":false,"audioPlay":false,"sceneViewState":{"showFog":true,"showMaterialUpdate":false,"showSkybox":false,"showFlares":true,"showImageEffects":true,"showParticleSystems":true},"in2DMode":false,"pivot":{"x":-0.5199999809265137,"y":0.6122602224349976,"z":12.350000381469727},"rotation":{"x":-0.21787941455841065,"y":-0.407293438911438,"z":0.10074172914028168,"w":-0.8811876773834229},"size":5.745645999908447,"orthographic":false}