{"cameraMode":{"drawMode":0,"name":"Shaded","section":"Shading Mode"},"sceneLighting":false,"audioPlay":false,"sceneViewState":{"showFog":true,"showMaterialUpdate":false,"showSkybox":false,"showFlares":true,"showImageEffects":true,"showParticleSystems":true},"in2DMode":false,"pivot":{"x":-0.07909989356994629,"y":-0.37883996963500979,"z":10.31223201751709},"rotation":{"x":-0.2032572627067566,"y":0.162690207362175,"z":-0.03424302861094475,"w":-0.964907169342041},"size":21.3546199798584,"orthographic":false}