{"cameraMode":{"drawMode":0,"name":"Shaded","section":"Shading Mode"},"sceneLighting":true,"audioPlay":false,"sceneViewState":{"showFog":true,"showMaterialUpdate":false,"showSkybox":false,"showFlares":true,"showImageEffects":true,"showParticleSystems":true},"in2DMode":false,"pivot":{"x":-0.00012502074241638184,"y":0.13999998569488526,"z":1.0700000524520875},"rotation":{"x":0.0543234683573246,"y":-0.9066988825798035,"z":0.12315267324447632,"w":0.3997245132923126},"size":2.4351556301116945,"orthographic":false}