{"cameraMode":{"drawMode":0,"name":"Shaded","section":"Shading Mode"},"sceneLighting":false,"audioPlay":false,"sceneViewState":{"showFog":true,"showMaterialUpdate":false,"showSkybox":false,"showFlares":true,"showImageEffects":true,"showParticleSystems":true},"in2DMode":false,"pivot":{"x":0.04189801216125488,"y":-0.4288400411605835,"z":10.342231750488282},"rotation":{"x":-0.11139284819364548,"y":-0.7003577947616577,"z":0.11211428791284561,"w":-0.696075439453125},"size":15.250880241394043,"orthographic":false}