{"cameraMode":{"drawMode":0,"name":"Shaded","section":"Shading Mode"},"sceneLighting":false,"audioPlay":false,"sceneViewState":{"showFog":true,"showMaterialUpdate":false,"showSkybox":false,"showFlares":true,"showImageEffects":true,"showParticleSystems":true},"in2DMode":false,"pivot":{"x":0.0,"y":0.5249999761581421,"z":2.703000068664551},"rotation":{"x":0.048758793622255328,"y":-0.9454436898231506,"z":0.16735437512397767,"w":0.27522963285446169},"size":1.321243166923523,"orthographic":false}