{"cameraMode":{"drawMode":0,"name":"Shaded","section":"Shading Mode"},"sceneLighting":true,"audioPlay":false,"sceneViewState":{"showFog":true,"showMaterialUpdate":false,"showSkybox":false,"showFlares":true,"showImageEffects":true,"showParticleSystems":true},"in2DMode":false,"pivot":{"x":0.0,"y":0.13999998569488526,"z":0.8998750448226929},"rotation":{"x":0.10683469474315644,"y":-0.7789270877838135,"z":0.13811452686786652,"w":0.6023150682449341},"size":1.6235172748565674,"orthographic":false}