{"cameraMode":{"drawMode":0,"name":"Shaded","section":"Shading Mode"},"sceneLighting":false,"audioPlay":false,"sceneViewState":{"showFog":true,"showMaterialUpdate":false,"showSkybox":false,"showFlares":true,"showImageEffects":true,"showParticleSystems":true},"in2DMode":false,"pivot":{"x":0.0,"y":0.1399996280670166,"z":0.8698750734329224},"rotation":{"x":0.0543234683573246,"y":-0.9066988825798035,"z":0.12315267324447632,"w":0.3997245132923126},"size":1.217697262763977,"orthographic":false}