{"cameraMode":{"drawMode":0,"name":"Shaded","section":"Shading Mode"},"sceneLighting":true,"audioPlay":false,"sceneViewState":{"showFog":true,"showMaterialUpdate":false,"showSkybox":false,"showFlares":true,"showImageEffects":true,"showParticleSystems":true},"in2DMode":false,"pivot":{"x":0.0,"y":0.1399996280670166,"z":0.8698750734329224},"rotation":{"x":0.10683469474315644,"y":-0.7789270877838135,"z":0.13811452686786652,"w":0.6023150682449341},"size":1.217697262763977,"orthographic":false}