{"cameraMode":{"drawMode":0,"name":"Shaded","section":"Shading Mode"},"sceneLighting":false,"audioPlay":false,"sceneViewState":{"showFog":true,"showMaterialUpdate":false,"showSkybox":false,"showFlares":true,"showImageEffects":true,"showParticleSystems":true},"in2DMode":false,"pivot":{"x":0.09000015258789063,"y":0.4099990129470825,"z":20.280000686645509},"rotation":{"x":-0.22876283526420594,"y":0.7296533584594727,"z":-0.2899795472621918,"w":-0.5754871368408203},"size":6.439167499542236,"orthographic":false}