{"cameraMode":{"drawMode":0,"name":"Shaded","section":"Shading Mode"},"sceneLighting":true,"audioPlay":false,"sceneViewState":{"showFog":true,"showMaterialUpdate":false,"showSkybox":false,"showFlares":true,"showImageEffects":true,"showParticleSystems":true},"in2DMode":false,"pivot":{"x":2.690000295639038,"y":0.9700002670288086,"z":-6.119999885559082},"rotation":{"x":0.10084526985883713,"y":-0.35827744007110598,"z":0.038933321833610538,"w":0.9273358583450317},"size":2.5966503620147707,"orthographic":false}