{"cameraMode":{"drawMode":0,"name":"Shaded","section":"Shading Mode"},"sceneLighting":false,"audioPlay":false,"sceneViewState":{"showFog":true,"showMaterialUpdate":false,"showSkybox":false,"showFlares":true,"showImageEffects":true,"showParticleSystems":true},"in2DMode":false,"pivot":{"x":-4.349999904632568,"y":0.5499999523162842,"z":13.239999771118164},"rotation":{"x":0.060776565223932269,"y":-0.890787661075592,"z":0.12507407367229463,"w":0.4326201379299164},"size":4.445072174072266,"orthographic":false}