{"cameraMode":{"drawMode":0,"name":"Shaded","section":"Shading Mode"},"sceneLighting":false,"audioPlay":false,"sceneViewState":{"showFog":true,"showMaterialUpdate":false,"showSkybox":false,"showFlares":true,"showImageEffects":true,"showParticleSystems":true},"in2DMode":false,"pivot":{"x":0.9199997186660767,"y":0.9543086886405945,"z":16.93000030517578},"rotation":{"x":-0.02649851329624653,"y":-0.1235775351524353,"z":0.0033394217025488617,"w":-0.9919754862785339},"size":2.7552523612976076,"orthographic":false}